e,1,rutrum,non,convallis,eros
e,2,elit,est,id,lectus
e,3,hac,posuere,felis,turpis
e,4,etiam,adipiscing,nisi,at
e,5,platea,mauris,pede,suscipit
e,6,lectus,aliquam,donec,aenean
e,7,eget,venenatis,nonummy,vestibulum
e,8,orci,imperdiet,id,maecenas
e,9,cras,eget,in,morbi
e,10,rutrum,in,duis,amet
e,11,vehicula,massa,enim,erat
e,12,sit,eu,volutpat,enim
e,13,at,tellus,ut,quisque
e,14,donec,dui,condimentum,at
e,15,nunc,turpis,sed,nulla
e,16,in,tellus,vel,lorem
e,17,curae,leo,felis,quisque
e,18,volutpat,eget,sapien,purus
e,19,lacus,in,lacinia,phasellus
e,20,quis,suspendisse,eu,vel
e,21,ac,donec,semper,ac
e,22,et,duis,luctus,phasellus
e,23,phasellus,luctus,luctus,orci
e,24,integer,lacinia,ac,vulputate
e,25,quis,integer,volutpat,pede
e,26,ut,lacus,ultrices,in
e,27,eu,rutrum,dui,leo
e,28,nam,varius,ligula,aenean
e,29,consectetuer,vulputate,lobortis,adipiscing
e,30,orci,nascetur,amet,cursus
e,31,molestie,odio,nisi,quis
e,32,tristique,tempus,nec,sed
e,33,lobortis,nonummy,libero,aenean
e,34,hendrerit,pharetra,aenean,orci
e,35,commodo,lectus,vestibulum,rhoncus
e,36,integer,hac,metus,faucibus
e,37,justo,vel,risus,id
e,38,posuere,augue,vestibulum,turpis
e,39,in,at,habitasse,nullam
e,40,vestibulum,odio,eu,sodales
e,41,porta,ultrices,luctus,sem
e,42,sapien,suspendisse,purus,lectus
e,43,aliquam,enim,imperdiet,est
e,44,sit,convallis,non,ut
e,45,ut,dolor,habitasse,sit
e,46,dolor,condimentum,odio,erat
e,47,nisl,sem,mauris,ac
e,48,purus,sollicitudin,tincidunt,enim
e,49,imperdiet,in,iaculis,eu
e,50,eget,erat,ante,integer
e,51,sed,curabitur,bibendum,elit
e,52,diam,non,odio,sem
e,53,ultrices,volutpat,in,ut
e,54,ut,accumsan,tristique,vivamus
e,55,maecenas,at,id,eu
e,56,porttitor,ut,pede,sociis
e,57,tortor,ultrices,sit,feugiat
e,58,bibendum,in,in,velit
e,59,orci,donec,pede,venenatis
e,60,tincidunt,sollicitudin,convallis,risus
e,61,nulla,donec,aliquam,viverra
e,62,elementum,vel,congue,imperdiet
e,63,nulla,lacinia,justo,aliquet
e,64,nisl,blandit,ligula,bibendum
e,65,metus,sapien,blandit,nulla
e,66,nec,libero,interdum,at
e,67,quisque,mollis,sapien,pretium
e,68,mi,rhoncus,rutrum,venenatis
e,69,condimentum,vitae,aliquam,donec
e,70,blandit,at,vel,eget
e,71,convallis,nascetur,at,in
e,72,in,tellus,maecenas,fermentum
e,73,massa,morbi,convallis,dignissim
e,74,at,mus,lectus,lacinia
e,75,quis,dapibus,aliquam,adipiscing
e,76,sed,natoque,et,nibh
e,77,neque,dis,vestibulum,ante
e,78,dolor,aliquam,pretium,odio
e,79,a,justo,fusce,curabitur
e,80,quam,non,sem,lectus
e,81,ipsum,montes,mauris,turpis
e,82,vel,in,ac,quis
e,83,nec,felis,elementum,iaculis
e,84,ipsum,morbi,vivamus,tortor
e,85,risus,gravida,proin,non
e,86,in,id,blandit,laoreet
e,87,a,ut,nec,odio
e,88,ligula,phasellus,nunc,congue
e,89,neque,pede,bibendum,faucibus
e,90,diam,vel,rhoncus,interdum
e,91,volutpat,nisi,elit,quis
e,92,et,habitasse,pharetra,proin
e,93,lorem,at,donec,odio
e,94,ullamcorper,odio,sed,dapibus
e,95,rhoncus,lacus,in,eu
e,96,aliquet,ipsum,quis,vel
e,97,eu,nulla,turpis,aliquet
e,98,venenatis,integer,diam,ultrices
e,99,cubilia,dapibus,posuere,proin
e,100,vitae,odio,non,sit
e,101,massa,sollicitudin,odio,rhoncus
e,102,magna,tristique,nec,odio
e,103,lectus,volutpat,nulla,donec
e,104,vel,lacus,quisque,hac
e,105,massa,odio,at,in
e,106,nullam,odio,fusce,velit
e,107,laoreet,sed,nulla,ipsum
e,108,felis,turpis,sapien,vulputate
e,109,morbi,in,cursus,velit
e,110,dolor,leo,lorem,et
e,111,in,sit,vel,vulputate
e,112,non,et,congue,cum
e,113,natoque,orci,sit,leo
e,114,sapien,tincidunt,nec,mattis
e,115,est,vivamus,ligula,nisl
e,116,suscipit,vulputate,justo,a
e,117,curae,et,cras,nullam
e,118,nullam,nisi,velit,donec
e,119,suspendisse,a,amet,nulla
e,120,tempus,ac,quis,auctor
e,121,orci,egestas,magna,ut
e,122,turpis,posuere,placerat,morbi
e,123,eu,faucibus,suscipit,mi
e,124,quis,felis,curabitur,eget
e,125,nunc,molestie,in,sed
e,126,nibh,semper,odio,orci
e,127,nullam,interdum,bibendum,feugiat
e,128,vitae,nisl,maecenas,fusce
e,129,nibh,diam,libero,non
e,130,fermentum,tortor,donec,donec
e,131,fermentum,ultrices,vestibulum,ligula
e,132,habitasse,sapien,in,id
e,133,pede,rhoncus,nulla,orci
e,134,risus,metus,ut,pulvinar
e,135,in,euismod,massa,elit
e,136,primis,amet,sociis,quam
e,137,elit,sapien,etiam,tincidunt
e,138,lacus,nulla,ipsum,sapien
e,139,leo,faucibus,nibh,ac
e,140,cubilia,fusce,morbi,primis
e,141,venenatis,neque,aenean,vel
e,142,ultrices,porta,nunc,dolor
e,143,porttitor,arcu,felis,cubilia
e,144,consectetuer,montes,vel,dui
e,145,curae,condimentum,aliquam,phasellus
e,146,eget,euismod,eleifend,sociis
e,147,consectetuer,quam,augue,turpis
e,148,faucibus,vestibulum,risus,praesent
e,149,aliquet,lobortis,nulla,nisi
e,150,augue,in,montes,dictumst
e,151,adipiscing,in,convallis,donec
e,152,odio,justo,lacus,at
e,153,turpis,duis,tristique,nisl
e,154,odio,et,sed,sit
e,155,erat,mollis,etiam,cras
e,156,vitae,nullam,nibh,eleifend
e,157,suspendisse,lobortis,dictumst,ante
e,158,semper,nulla,rutrum,metus
e,159,bibendum,scelerisque,quis,pede
e,160,mi,purus,ipsum,ac
e,161,leo,habitasse,ac,orci
e,162,lorem,quam,justo,justo
e,163,in,cursus,augue,vestibulum
e,164,interdum,in,vel,sed
e,165,erat,vestibulum,magna,felis
e,166,dapibus,sodales,at,luctus
e,167,cras,pede,purus,eu
e,168,congue,sapien,augue,in
e,169,sapien,phasellus,eros,nec
e,170,varius,quam,sollicitudin,turpis
e,171,vestibulum,pede,mollis,rhoncus
e,172,nulla,condimentum,cubilia,montes
e,173,sit,vel,at,nulla
e,174,convallis,commodo,dis,luctus
e,175,rutrum,dictumst,orci,aenean
e,176,ut,eleifend,laoreet,suscipit
e,177,nam,massa,dui,ipsum
e,178,metus,rhoncus,pulvinar,sit
e,179,quis,et,in,risus
e,180,nisi,neque,tincidunt,cursus
e,181,in,quam,et,parturient
e,182,volutpat,aenean,erat,sem
e,183,tristique,faucibus,ultrices,scelerisque
e,184,pretium,donec,praesent,in
e,185,phasellus,quisque,phasellus,in
e,186,curabitur,pede,non,sapien
e,187,ipsum,nulla,morbi,nec
e,188,tristique,primis,odio,magna
e,189,nascetur,at,nisl,lorem
e,190,mauris,lectus,facilisi,vulputate
e,191,rhoncus,platea,sagittis,velit
e,192,sit,in,felis,in
e,193,elit,viverra,eu,nunc
e,194,massa,odio,in,at
e,195,risus,sapien,aenean,morbi
e,196,accumsan,eleifend,tellus,orci
e,197,donec,a,odio,ut
e,198,ipsum,ut,in,pharetra
e,199,lacus,vitae,dui,viverra
e,200,pede,habitasse,convallis,leo
e,201,quam,diam,volutpat,primis
e,202,at,vel,vestibulum,consequat
e,203,magnis,integer,sapien,porttitor
e,204,dapibus,rutrum,in,fringilla
e,205,mattis,curabitur,imperdiet,pede
e,206,eget,fusce,amet,vel
e,207,ultrices,elit,eu,nibh
e,208,nonummy,aliquet,condimentum,tellus
e,209,penatibus,habitasse,ridiculus,aliquam
e,210,luctus,lectus,porttitor,ligula
e,211,at,massa,cum,praesent
e,212,nec,non,metus,pede
e,213,adipiscing,dolor,auctor,erat
e,214,in,vehicula,sagittis,aliquam
e,215,ipsum,ipsum,tellus,suspendisse
e,216,curabitur,nullam,vestibulum,justo
e,217,pede,id,felis,sapien
e,218,faucibus,magna,amet,libero
e,219,nisl,tortor,sit,eleifend
e,220,ac,eleifend,vel,ut
e,221,commodo,magna,ipsum,maecenas
e,222,vestibulum,leo,massa,nascetur
e,223,risus,turpis,ut,nec
e,224,enim,non,proin,molestie
e,225,vel,tristique,amet,in
e,226,nulla,in,enim,nunc
e,227,metus,dis,elementum,quam
e,228,mauris,pharetra,lectus,suscipit
e,229,magnis,vitae,rhoncus,lacinia
e,230,nulla,venenatis,vestibulum,dolor
e,231,vel,est,magna,in
e,232,accumsan,faucibus,nisl,nibh
e,233,porta,purus,luctus,est
e,234,rutrum,lorem,amet,donec
e,235,id,habitasse,eros,nisl
e,236,felis,nec,mollis,aliquet
e,237,integer,praesent,sed,condimentum
e,238,tempor,vestibulum,turpis,sodales
e,239,vestibulum,nascetur,sapien,cum
e,240,pellentesque,ridiculus,faucibus,ipsum
e,241,lorem,felis,blandit,diam
e,242,nisi,rutrum,augue,ut
e,243,proin,suspendisse,eu,lectus
e,244,at,nulla,massa,nisl
e,245,ut,nulla,elit,eu
e,246,sed,sapien,tellus,ut
e,247,in,sapien,fusce,sed
e,248,integer,felis,eu,pede
e,249,dictumst,et,amet,cras
e,250,sodales,donec,tincidunt,cum
e,251,sed,consectetuer,dui,pharetra
e,252,sit,risus,dui,turpis
e,253,sed,libero,magna,justo
e,254,quis,mauris,sit,diam
e,255,odio,mauris,vel,ultrices
e,256,augue,gravida,sit,mi
e,257,lacus,pretium,pede,proin
e,258,id,convallis,faucibus,porta
e,259,vel,venenatis,pede,curae
e,260,blandit,sapien,sed,sit
e,261,gravida,justo,erat,posuere
e,262,proin,tincidunt,venenatis,orci
e,263,etiam,sem,at,sed
e,264,vel,id,egestas,rutrum
e,265,sem,volutpat,viverra,convallis
e,266,faucibus,ultrices,ac,vestibulum
e,267,pede,amet,nulla,phasellus
e,268,erat,etiam,ante,pharetra
e,269,sollicitudin,sit,tempus,tincidunt
e,270,sollicitudin,luctus,odio,potenti
e,271,nulla,sit,mi,nec
e,272,pellentesque,scelerisque,viverra,volutpat
e,273,nunc,felis,mollis,posuere
e,274,nec,hac,cum,enim
e,275,erat,lectus,volutpat,ac
e,276,nulla,non,semper,massa
e,277,tortor,lobortis,id,justo
e,278,hac,odio,eget,donec
e,279,sit,eget,fringilla,adipiscing
e,280,sem,ut,aliquet,ante
e,281,interdum,leo,tortor,nulla
e,282,quisque,est,amet,morbi
e,283,magna,quis,id,a
e,284,porta,sem,neque,platea
e,285,ligula,mattis,quis,eleifend
e,286,sapien,morbi,erat,justo
e,287,donec,luctus,nam,sapien
e,288,sit,nibh,justo,nulla
e,289,curae,in,suspendisse,justo
e,290,velit,felis,nibh,a
e,291,elementum,cursus,venenatis,gravida
e,292,natoque,semper,suspendisse,metus
e,293,quisque,lorem,duis,risus
e,294,non,integer,pede,in
e,295,urna,massa,tellus,amet
e,296,orci,ut,venenatis,nunc
e,297,nibh,dapibus,dapibus,tristique
e,298,nulla,augue,dolor,erat
e,299,id,massa,purus,nulla
e,300,tristique,fermentum,tristique,fermentum
e,301,dolor,lacinia,odio,et
e,302,lectus,curae,pretium,ac
e,303,in,pellentesque,curabitur,at
e,304,varius,ipsum,nisi,lacus
e,305,turpis,augue,ut,eget
e,306,eu,consectetuer,blandit,tortor
e,307,luctus,ligula,venenatis,morbi
e,308,nulla,molestie,quis,mi
e,309,justo,eros,platea,ut
e,310,nulla,sit,odio,quisque
e,311,sed,orci,porta,eget
e,312,nulla,malesuada,nulla,sit
e,313,hac,vestibulum,parturient,gravida
e,314,in,non,enim,lacinia
e,315,in,vestibulum,ut,ligula
e,316,varius,nibh,morbi,curae
e,317,ipsum,dolor,augue,at
e,318,sapien,ac,tempus,iaculis
e,319,massa,nibh,nulla,vulputate
e,320,vestibulum,parturient,velit,adipiscing
e,321,maecenas,aenean,gravida,sodales
e,322,congue,dolor,turpis,hac
e,323,faucibus,magna,sed,tellus
e,324,a,lorem,diam,neque
e,325,feugiat,vel,volutpat,nibh
e,326,dolor,convallis,nisl,et
e,327,justo,quis,non,montes
e,328,proin,amet,imperdiet,nibh
e,329,fusce,sagittis,etiam,felis
e,330,vestibulum,at,id,faucibus
e,331,blandit,nullam,ligula,pharetra
e,332,blandit,aenean,curae,et
e,333,facilisi,tortor,sapien,nunc
e,334,iaculis,sed,id,felis
e,335,in,vehicula,et,lectus
e,336,congue,ultricies,tortor,tempor
e,337,ante,amet,commodo,nibh
e,338,vestibulum,arcu,et,donec
e,339,maecenas,ultrices,dolor,at
e,340,erat,eleifend,volutpat,diam
e,341,penatibus,morbi,purus,erat
e,342,rutrum,tincidunt,ut,diam
e,343,amet,sapien,eget,phasellus
e,344,lobortis,mattis,eget,velit
e,345,lacinia,nunc,nulla,felis
e,346,suspendisse,mattis,nec,congue
e,347,natoque,vel,lectus,bibendum
e,348,ac,erat,proin,eros
e,349,ullamcorper,velit,velit,praesent
e,350,commodo,dapibus,aliquam,nunc
e,351,felis,nec,laoreet,sit
e,352,vivamus,eleifend,cras,lacinia
e,353,suspendisse,volutpat,aliquet,ut
e,354,iaculis,nunc,dui,libero
e,355,etiam,justo,velit,in
e,356,aenean,luctus,eu,donec
e,357,erat,duis,elementum,sapien
e,358,ipsum,lobortis,augue,turpis
e,359,donec,augue,metus,magnis
e,360,amet,sem,turpis,eget
e,361,praesent,vitae,habitasse,vestibulum
e,362,in,ipsum,phasellus,a
e,363,porta,magna,sagittis,a
e,364,nec,in,fusce,maecenas
e,365,pede,posuere,laoreet,vestibulum
e,366,fringilla,sit,in,in
e,367,orci,quam,augue,et
e,368,leo,vivamus,in,ut
e,369,sem,id,morbi,augue
e,370,libero,luctus,erat,interdum
e,371,urna,tempus,id,rhoncus
e,372,tristique,vivamus,enim,vivamus
e,373,nulla,nisi,pretium,scelerisque
e,374,tincidunt,porttitor,adipiscing,vel
e,375,tortor,porttitor,amet,nam
e,376,morbi,nibh,consequat,dapibus
e,377,urna,at,duis,porttitor
e,378,erat,in,dui,turpis
e,379,orci,id,est,justo
e,380,vel,eu,ac,feugiat
e,381,cubilia,ipsum,orci,morbi
e,382,diam,lacinia,pede,ullamcorper
e,383,sem,pellentesque,convallis,rutrum
e,384,tincidunt,vestibulum,et,massa
e,385,imperdiet,quis,tincidunt,faucibus
e,386,adipiscing,suspendisse,mi,suscipit
e,387,posuere,volutpat,ultricies,molestie
e,388,venenatis,in,in,dictumst
e,389,in,gravida,hac,rhoncus
e,390,et,ipsum,diam,lectus
e,391,nulla,quis,eleifend,morbi
e,392,a,hendrerit,purus,ac
e,393,eu,consectetuer,blandit,ante
e,394,nunc,in,justo,justo
e,395,vitae,felis,scelerisque,amet
e,396,pretium,eleifend,suspendisse,cubilia
e,397,ut,dictumst,metus,pretium
e,398,mauris,laoreet,eu,sapien
e,399,in,ligula,pharetra,mauris
e,400,metus,felis,in,vitae
e,401,pellentesque,ut,pede,lorem
e,402,lobortis,felis,sit,erat
e,403,quis,erat,consequat,massa
e,404,vitae,est,lectus,a
e,405,suspendisse,mus,tortor,felis
e,406,curae,egestas,sit,tristique
e,407,lectus,ultrices,cras,lacinia
e,408,praesent,elit,eu,tristique
e,409,imperdiet,eleifend,dolor,vestibulum
e,410,pede,nulla,nulla,enim
e,411,lacus,ligula,consequat,luctus
e,412,purus,faucibus,facilisi,nunc
e,413,non,blandit,curabitur,platea
e,414,suspendisse,in,vel,nulla
e,415,ornare,ipsum,augue,aenean
e,416,integer,sapien,felis,odio
e,417,ut,sollicitudin,venenatis,at
e,418,interdum,nulla,venenatis,condimentum
e,419,sapien,nullam,consequat,curae
e,420,potenti,tortor,ac,eleifend
e,421,primis,turpis,risus,neque
e,422,augue,felis,morbi,risus
e,423,aenean,donec,cum,lacinia
e,424,erat,praesent,vel,vulputate
e,425,at,feugiat,lobortis,dapibus
e,426,vestibulum,aliquet,diam,eget
e,427,nisl,phasellus,quis,feugiat
e,428,nulla,molestie,donec,in
e,429,odio,eleifend,justo,pellentesque
e,430,lorem,etiam,platea,etiam
e,431,viverra,rutrum,tempus,nulla
e,432,amet,libero,tincidunt,sem
e,433,nulla,convallis,quam,in
e,434,mattis,luctus,risus,massa
e,435,nulla,montes,convallis,montes
e,436,ipsum,ultrices,sapien,est
e,437,vel,amet,in,tellus
e,438,ante,non,pede,sed
e,439,eros,mauris,dapibus,sagittis
e,440,posuere,neque,lacinia,odio
e,441,aliquam,turpis,eros,nulla
e,442,dui,nec,iaculis,sapien
e,443,justo,pellentesque,pellentesque,in
e,444,rhoncus,in,in,lobortis
e,445,non,posuere,metus,lorem
e,446,non,ligula,accumsan,sollicitudin
e,447,in,praesent,massa,ac
e,448,placerat,quis,consequat,amet
e,449,iaculis,lectus,proin,tempus
e,450,justo,nulla,nullam,vivamus
e,451,magnis,rhoncus,proin,ac
e,452,aliquam,vivamus,pretium,ligula
e,453,sed,dapibus,eros,imperdiet
e,454,justo,ullamcorper,ultricies,vivamus
e,455,sagittis,phasellus,rutrum,porta
e,456,tristique,sapien,id,fusce
e,457,sagittis,nibh,magna,ac
e,458,odio,vitae,natoque,justo
e,459,donec,dapibus,diam,pulvinar
e,460,augue,sagittis,adipiscing,blandit
e,461,justo,justo,nunc,purus
e,462,odio,augue,erat,at
e,463,bibendum,volutpat,vel,eu
e,464,pretium,integer,dictumst,amet
e,465,vestibulum,aenean,vestibulum,eu
e,466,mauris,urna,dapibus,suspendisse
e,467,suspendisse,viverra,vel,ut
e,468,mauris,nulla,nisi,nulla
e,469,eleifend,molestie,consequat,nam
e,470,quisque,porttitor,nisi,lectus
e,471,ullamcorper,nulla,nunc,leo
e,472,et,luctus,est,in
e,473,vestibulum,est,bibendum,ipsum
e,474,suscipit,mauris,aliquam,lectus
e,475,eleifend,amet,cursus,a
e,476,adipiscing,consequat,nulla,phasellus
e,477,non,habitasse,parturient,dolor
e,478,erat,sit,nunc,fusce
e,479,mauris,vitae,posuere,in
e,480,duis,sed,orci,lorem
e,481,lectus,vestibulum,posuere,orci
e,482,nam,pede,luctus,sapien
e,483,mattis,lacinia,lacinia,eget
e,484,magnis,justo,sed,in
e,485,dui,pede,posuere,pharetra
e,486,donec,turpis,morbi,aenean
e,487,habitasse,pede,orci,tortor
e,488,orci,ipsum,tincidunt,mi
e,489,risus,id,est,varius
e,490,quam,in,libero,nulla
e,491,id,commodo,nam,libero
e,492,phasellus,in,sollicitudin,tellus
e,493,et,at,interdum,proin
e,494,ultricies,porta,consequat,pede
e,495,nullam,eu,mattis,suspendisse
e,496,morbi,in,duis,velit
e,497,lacinia,justo,sed,vivamus
e,498,arcu,vestibulum,maecenas,hac
e,499,in,luctus,nulla,in
e,500,vestibulum,quisque,hac,nec
e,501,fusce,erat,natoque,cursus
e,502,massa,tempus,vestibulum,ante
e,503,ipsum,duis,id,libero
e,504,a,quisque,diam,aliquam
e,505,amet,cum,praesent,eu
e,506,porta,lectus,lacus,odio
e,507,suscipit,turpis,posuere,semper
e,508,ligula,primis,massa,ultrices
e,509,ullamcorper,dolor,mauris,ac
e,510,sapien,sit,felis,lorem
e,511,imperdiet,ut,sed,malesuada
e,512,sed,augue,sem,praesent
e,513,nullam,amet,non,odio
e,514,duis,amet,in,eros
e,515,justo,tellus,pede,nisi
e,516,vulputate,orci,convallis,in
e,517,in,maecenas,pede,turpis
e,518,in,sed,maecenas,congue
e,519,molestie,libero,consequat,quis
e,520,aliquam,luctus,ac,varius
e,521,nam,tristique,tortor,eros
e,522,convallis,eget,erat,magna
e,523,tristique,justo,id,nunc
e,524,proin,sit,convallis,iaculis
e,525,primis,sagittis,natoque,ut
e,526,eu,pede,donec,nunc
e,527,pulvinar,mauris,amet,in
e,528,varius,ac,rutrum,nulla
e,529,orci,suspendisse,vestibulum,maecenas
e,530,amet,eros,auctor,in
e,531,mattis,amet,nascetur,ut
e,532,a,convallis,augue,erat
e,533,sollicitudin,sit,tristique,purus
e,534,platea,fermentum,eget,cum
e,535,lobortis,luctus,orci,leo
e,536,rutrum,ut,erat,blandit
e,537,turpis,amet,vel,vestibulum
e,538,curabitur,urna,quis,et
e,539,ut,fermentum,orci,feugiat
e,540,interdum,et,nulla,duis
e,541,dictumst,varius,nascetur,pretium
e,542,nec,venenatis,consequat,in
e,543,quam,in,consequat,magnis
e,544,cum,orci,ultrices,quisque
e,545,in,commodo,morbi,semper
e,546,magnis,pede,montes,duis
e,547,ultrices,sem,ipsum,iaculis
e,548,enim,ac,sollicitudin,suspendisse
e,549,consequat,nullam,ac,lacinia
e,550,mauris,felis,hac,nulla
e,551,porta,volutpat,lorem,ultrices
e,552,at,etiam,platea,integer
e,553,id,viverra,suscipit,iaculis
e,554,habitasse,eu,tortor,at
e,555,tellus,semper,quis,mauris
e,556,lobortis,molestie,pellentesque,amet
e,557,suscipit,orci,risus,justo
e,558,id,vulputate,nonummy,condimentum
e,559,sagittis,est,turpis,ac
e,560,posuere,at,in,risus
e,561,enim,pretium,aenean,duis
e,562,maecenas,et,nullam,erat
e,563,aliquam,porta,justo,vel
e,564,dolor,nec,orci,iaculis
e,565,ultrices,lorem,dapibus,amet
e,566,penatibus,nam,velit,eleifend
e,567,augue,eu,tincidunt,vestibulum
e,568,leo,nulla,etiam,lacinia
e,569,vel,lorem,ornare,nascetur
e,570,cras,sociis,sapien,mauris
e,571,et,sit,dolor,consequat
e,572,venenatis,et,justo,eget
e,573,rhoncus,ac,ipsum,congue
e,574,vel,sed,pretium,accumsan
e,575,ultrices,vitae,eu,nulla
e,576,convallis,proin,eleifend,nisl
e,577,penatibus,neque,tristique,odio
e,578,molestie,etiam,nulla,ante
e,579,curabitur,adipiscing,vitae,a
e,580,enim,mauris,massa,sit
e,581,semper,donec,ac,eget
e,582,tempor,ipsum,nibh,eu
e,583,interdum,pharetra,ultrices,luctus
e,584,lorem,elit,et,sit
e,585,suspendisse,etiam,id,semper
e,586,odio,magnis,in,maecenas
e,587,vitae,in,odio,consequat
e,588,justo,sapien,vivamus,nulla
e,589,mus,odio,diam,augue
e,590,donec,commodo,et,vel
e,591,pede,malesuada,eleifend,odio
e,592,ligula,sed,sodales,primis
e,593,suspendisse,ipsum,at,dis
e,594,nam,lacus,tristique,nulla
e,595,eget,vulputate,suspendisse,nam
e,596,augue,vulputate,a,ligula
e,597,curabitur,varius,pellentesque,enim
e,598,sit,et,duis,parturient
e,599,orci,sapien,luctus,interdum
e,600,vivamus,aenean,ac,rhoncus
e,601,odio,sem,imperdiet,nulla
e,602,blandit,tortor,semper,in
e,603,semper,molestie,id,suscipit
e,604,lacinia,neque,in,ac
e,605,ullamcorper,orci,ultrices,integer
e,606,mi,condimentum,turpis,non
e,607,massa,et,dictumst,purus
e,608,felis,nisl,cum,volutpat
e,609,sed,sit,sed,sapien
e,610,ipsum,neque,donec,justo
e,611,sollicitudin,dui,auctor,at
e,612,quam,ut,in,interdum
e,613,consequat,curae,urna,in
e,614,lobortis,sagittis,augue,pellentesque
e,615,consequat,bibendum,lectus,justo
e,616,lectus,facilisi,sociis,lacinia
e,617,in,nulla,vitae,pede
e,618,pulvinar,iaculis,amet,suscipit
e,619,penatibus,tortor,in,duis
e,620,pede,orci,faucibus,nulla
e,621,ante,phasellus,elit,turpis
e,622,pharetra,cursus,sed,libero
e,623,neque,amet,enim,nulla
e,624,eleifend,lacus,sit,id
e,625,posuere,sit,justo,posuere
e,626,ac,eros,eu,luctus
e,627,nisi,sed,proin,libero
e,628,ipsum,vestibulum,ac,odio
e,629,at,donec,sit,suspendisse
e,630,a,donec,ac,nulla
e,631,purus,rhoncus,morbi,rhoncus
e,632,quis,sodales,eu,ut
e,633,porttitor,in,vulputate,orci
e,634,vel,lobortis,semper,et
e,635,dictumst,sagittis,curae,rhoncus
e,636,ut,dapibus,vel,viverra
e,637,nisi,pede,dis,quam
e,638,nonummy,lacus,vestibulum,odio
e,639,vel,tortor,varius,lectus
e,640,nibh,quam,ante,dis
e,641,sit,augue,non,iaculis
e,642,odio,cubilia,eros,lobortis
e,643,sed,quisque,cubilia,nunc
e,644,posuere,vehicula,ac,parturient
e,645,eu,hac,ipsum,habitasse
e,646,aliquam,neque,felis,arcu
e,647,ultrices,venenatis,habitasse,fusce
e,648,metus,justo,diam,faucibus
e,649,ultrices,convallis,mauris,lacus
e,650,ultrices,tincidunt,nibh,consequat
e,651,metus,pede,quam,hac
e,652,dolor,semper,non,sed
e,653,elit,purus,ligula,risus
e,654,faucibus,eget,massa,potenti
e,655,eget,sapien,aliquet,libero
e,656,sed,enim,sapien,tincidunt
e,657,amet,potenti,vestibulum,tempor
e,658,nunc,eget,amet,dapibus
e,659,nulla,lectus,orci,amet
e,660,massa,consequat,cursus,at
e,661,blandit,aliquam,convallis,vestibulum
e,662,curae,cursus,orci,mauris
e,663,lorem,dolor,platea,hendrerit
e,664,ullamcorper,cubilia,congue,ac
e,665,tempus,sapien,id,volutpat
e,666,convallis,aenean,aliquam,convallis
e,667,augue,ut,posuere,turpis
e,668,posuere,quam,vestibulum,varius
e,669,porta,amet,nisi,amet
e,670,neque,aliquet,sodales,pharetra
e,671,nibh,accumsan,sed,eget
e,672,proin,lectus,pellentesque,nam
e,673,vulputate,a,ullamcorper,risus
e,674,ultrices,nibh,pede,iaculis
e,675,dapibus,est,neque,tellus
e,676,rutrum,at,mattis,congue
e,677,bibendum,velit,eget,vestibulum
e,678,id,enim,nascetur,enim
e,679,turpis,nulla,rutrum,magna
e,680,lobortis,lorem,ante,blandit
e,681,ultrices,et,ipsum,ipsum
e,682,volutpat,imperdiet,ut,gravida
e,683,at,tortor,in,ligula
e,684,natoque,donec,vel,erat
e,685,volutpat,phasellus,nec,metus
e,686,mi,lorem,platea,sit
e,687,maecenas,est,ullamcorper,suscipit
e,688,rutrum,lacus,vestibulum,vestibulum
e,689,nisl,integer,amet,massa
e,690,pede,diam,commodo,in
e,691,cursus,vestibulum,suspendisse,morbi
e,692,sed,vel,in,eget
e,693,dis,augue,suscipit,nam
e,694,praesent,erat,pede,odio
e,695,lacus,id,enim,nonummy
e,696,nibh,laoreet,leo,morbi
e,697,lectus,odio,semper,morbi
e,698,sagittis,congue,in,ultricies
e,699,ut,platea,quam,non
e,700,id,faucibus,cras,mauris
e,701,bibendum,est,platea,tincidunt
e,702,lectus,sapien,volutpat,volutpat
e,703,ante,augue,nisi,massa
e,704,nisi,sed,in,in
e,705,at,amet,quis,lacus
e,706,curabitur,hac,duis,varius
e,707,cubilia,vivamus,urna,nulla
e,708,amet,in,mauris,eu
e,709,rutrum,suscipit,pede,lobortis
e,710,nec,nisl,libero,mi
e,711,curabitur,ut,faucibus,et
e,712,elementum,magna,magnis,viverra
e,713,massa,nibh,vel,in
e,714,dis,eget,magna,eu
e,715,turpis,aliquam,tellus,praesent
e,716,aliquet,a,odio,a
e,717,lectus,a,duis,egestas
e,718,non,nec,odio,velit
e,719,vestibulum,consequat,massa,pede
e,720,vestibulum,bibendum,posuere,eu
e,721,felis,a,neque,nisl
e,722,felis,ut,euismod,mi
e,723,nascetur,orci,suspendisse,morbi
e,724,nulla,praesent,vestibulum,quisque
e,725,vel,ipsum,posuere,tincidunt
e,726,ante,at,semper,integer
e,727,est,sit,nulla,sit
e,728,orci,proin,interdum,sed
e,729,ut,faucibus,ut,in
e,730,aenean,vel,sed,sit
e,731,duis,dis,justo,consequat
e,732,vulputate,ut,leo,consequat
e,733,eleifend,semper,non,viverra
e,734,ut,hac,primis,amet
e,735,ipsum,massa,nisl,non
e,736,non,quisque,est,pede
e,737,ut,id,vitae,lorem
e,738,rutrum,tellus,vulputate,vel
e,739,odio,eleifend,orci,maecenas
e,740,sed,congue,pellentesque,erat
e,741,luctus,amet,quam,elementum
e,742,ultrices,curae,lacus,est
e,743,erat,hac,id,lorem
e,744,sit,lorem,eget,nisl
e,745,at,amet,natoque,pulvinar
e,746,luctus,consequat,blandit,gravida
e,747,id,lectus,rhoncus,primis
e,748,est,justo,pellentesque,aliquam
e,749,nibh,dignissim,nascetur,lacus
e,750,etiam,in,at,urna
e,751,leo,nibh,aenean,nisl
e,752,imperdiet,vel,porttitor,consequat
e,753,tempus,consectetuer,volutpat,ut
e,754,magna,pellentesque,magnis,dui
e,755,eu,enim,ridiculus,dolor
e,756,ut,dictumst,eleifend,odio
e,757,condimentum,eget,in,eu
e,758,ante,amet,dictumst,ac
e,759,vestibulum,faucibus,vestibulum,velit
e,760,in,diam,ante,sapien
e,761,sit,blandit,mollis,varius
e,762,id,nisi,orci,adipiscing
e,763,habitasse,tellus,volutpat,id
e,764,vulputate,tempus,nulla,accumsan
e,765,suspendisse,est,libero,magna
e,766,ante,orci,lacinia,morbi
e,767,sapien,ultrices,praesent,sodales
e,768,rutrum,quis,consequat,venenatis
e,769,in,ut,sapien,imperdiet
e,770,lorem,interdum,maecenas,lacus
e,771,aliquam,tincidunt,sociis,ut
e,772,amet,turpis,sagittis,mi
e,773,ante,consequat,volutpat,rutrum
e,774,at,mollis,in,convallis
e,775,in,ante,lacinia,venenatis
e,776,eget,volutpat,vestibulum,massa
e,777,in,posuere,ut,in
e,778,morbi,elit,vel,leo
e,779,in,at,luctus,maecenas
e,780,rhoncus,quam,rutrum,vel
e,781,quis,primis,cubilia,posuere
e,782,feugiat,dui,interdum,cursus
e,783,non,suscipit,in,at
e,784,in,magna,platea,morbi
e,785,rutrum,donec,sit,consequat
e,786,suspendisse,lacus,bibendum,magnis
e,787,in,placerat,eu,curabitur
e,788,eget,turpis,cubilia,nulla
e,789,vel,mattis,sapien,morbi
e,790,quam,justo,libero,ipsum
e,791,in,nisi,fusce,orci
e,792,quisque,montes,odio,rutrum
e,793,sit,parturient,enim,nulla
e,794,ac,nulla,nec,justo
e,795,ipsum,amet,nulla,id
e,796,nulla,mauris,primis,ultrices
e,797,cras,nulla,et,in
e,798,nulla,nisi,magna,non
e,799,consequat,tempus,semper,elit
e,800,eleifend,sem,nisl,justo
e,801,dapibus,rutrum,in,quis
e,802,ipsum,mus,lobortis,potenti
e,803,sed,at,aliquam,venenatis
e,804,duis,eget,in,bibendum
e,805,in,luctus,elementum,egestas
e,806,velit,donec,duis,parturient
e,807,in,augue,iaculis,interdum
e,808,consequat,montes,etiam,molestie
e,809,ut,turpis,primis,sit
e,810,aliquam,eget,vel,aenean
e,811,morbi,nulla,porttitor,vitae
e,812,vestibulum,vulputate,cursus,scelerisque
e,813,viverra,tincidunt,tempus,curabitur
e,814,dui,turpis,orci,accumsan
e,815,elementum,cum,non,ac
e,816,lectus,et,tellus,at
e,817,aliquet,vitae,tortor,tempus
e,818,etiam,lorem,nulla,habitasse
e,819,risus,quis,ut,luctus
e,820,turpis,bibendum,proin,magnis
e,821,congue,facilisi,odio,nulla
e,822,tempus,blandit,sit,lectus
e,823,augue,est,leo,sed
e,824,nunc,tincidunt,odio,sapien
e,825,risus,nulla,dui,eget
e,826,lectus,sit,aliquet,eget
e,827,ligula,aliquet,eleifend,erat
e,828,rhoncus,id,sodales,venenatis
e,829,amet,id,quam,donec
e,830,nibh,ipsum,sit,dis
e,831,maecenas,mattis,at,in
e,832,erat,purus,nulla,in
e,833,imperdiet,ultrices,aliquam,nisl
e,834,quis,tempor,semper,ut
e,835,donec,consequat,justo,pellentesque
e,836,sed,posuere,sapien,mauris
e,837,quisque,eu,justo,quam
e,838,justo,nulla,est,elementum
e,839,morbi,sapien,erat,ut
e,840,pharetra,lacinia,vestibulum,mattis
e,841,eget,id,odio,dui
e,842,dolor,nisl,pede,penatibus
e,843,nibh,eu,vel,cras
e,844,libero,magna,ac,luctus
e,845,orci,dapibus,porttitor,congue
e,846,semper,lacus,in,magnis
e,847,cras,in,luctus,suspendisse
e,848,bibendum,quis,vel,tempus
e,849,quis,phasellus,pede,nulla
e,850,morbi,pretium,sit,lorem
e,851,ac,congue,in,volutpat
e,852,at,diam,pellentesque,leo
e,853,at,hac,platea,maecenas
e,854,sem,nunc,primis,ullamcorper
e,855,at,orci,eget,aenean
e,856,leo,aliquet,elementum,cras
e,857,fermentum,amet,turpis,a
e,858,ac,congue,magna,iaculis
e,859,est,tempor,odio,in
e,860,neque,tortor,lacinia,mauris
e,861,interdum,molestie,posuere,nulla
e,862,fusce,sed,aliquet,volutpat
e,863,vestibulum,semper,posuere,lorem
e,864,aenean,sit,turpis,imperdiet
e,865,vulputate,lobortis,pellentesque,cubilia
e,866,consequat,non,eleifend,integer
e,867,morbi,porta,cubilia,varius
e,868,risus,pellentesque,enim,mauris
e,869,mauris,lobortis,at,fusce
e,870,sed,tortor,sapien,eleifend
e,871,pede,at,sapien,libero
e,872,pede,sapien,volutpat,ligula
e,873,dapibus,in,quisque,erat
e,874,eget,lectus,sollicitudin,pellentesque
e,875,amet,dolor,ac,posuere
e,876,cubilia,id,ante,non
e,877,sit,lacinia,non,nascetur
e,878,in,blandit,eu,ipsum
e,879,imperdiet,vulputate,nulla,mauris
e,880,montes,rhoncus,velit,quisque
e,881,orci,vestibulum,a,pretium
e,882,potenti,amet,nisl,curae
e,883,nisi,quam,elit,interdum
e,884,felis,dolor,velit,placerat
e,885,mi,augue,erat,odio
e,886,duis,imperdiet,nisl,vel
e,887,at,eros,justo,sed
e,888,erat,natoque,ut,mauris
e,889,vivamus,quam,imperdiet,sit
e,890,nulla,vestibulum,convallis,sollicitudin
e,891,posuere,tortor,nulla,massa
e,892,mus,orci,rutrum,elementum
e,893,quam,ultrices,hac,blandit
e,894,vehicula,mauris,mauris,luctus
e,895,erat,turpis,blandit,ullamcorper
e,896,mauris,convallis,integer,consequat
e,897,in,in,felis,imperdiet
e,898,aliquet,faucibus,vel,in
e,899,tincidunt,est,amet,quis
e,900,dapibus,est,nibh,cras
e,901,magna,potenti,ante,turpis
e,902,mauris,odio,quam,sed
e,903,odio,quam,sodales,libero
e,904,est,ultrices,at,porttitor
e,905,leo,nulla,varius,nisl
e,906,faucibus,dui,nulla,dui
e,907,feugiat,augue,sem,rutrum
e,908,sollicitudin,arcu,magnis,morbi
e,909,tristique,sit,cursus,lorem
e,910,et,ac,ac,volutpat
e,911,quis,in,augue,amet
e,912,morbi,pharetra,non,nec
e,913,nulla,nam,diam,vestibulum
e,914,eu,ipsum,interdum,ante
e,915,id,est,adipiscing,justo
e,916,amet,nascetur,pellentesque,nec
e,917,vel,justo,sapien,fringilla
e,918,elit,sociis,at,elementum
e,919,dictumst,vulputate,ut,sit
e,920,vestibulum,non,sit,blandit
e,921,leo,cubilia,nisl,mollis
e,922,duis,eleifend,elit,nibh
e,923,faucibus,consequat,volutpat,nec
e,924,justo,lacinia,interdum,ligula
e,925,lorem,consectetuer,non,eget
e,926,potenti,eget,lorem,ultrices
e,927,non,nascetur,est,cubilia
e,928,feugiat,tincidunt,rutrum,in
e,929,turpis,semper,vel,est
e,930,rhoncus,ligula,ultrices,luctus
e,931,maecenas,eu,mattis,risus
e,932,erat,at,purus,turpis
e,933,non,eleifend,hac,justo
e,934,nam,suspendisse,pede,est
e,935,morbi,vel,posuere,lorem
e,936,phasellus,justo,ultrices,auctor
e,937,penatibus,platea,viverra,rhoncus
e,938,natoque,quis,dui,eu
e,939,elit,rutrum,lectus,luctus
e,940,pede,tempus,a,in
e,941,odio,enim,etiam,nec
e,942,sed,donec,vulputate,proin
e,943,magnis,at,sapien,pretium
e,944,eget,hac,congue,penatibus
e,945,nibh,auctor,elit,eu
e,946,tempor,erat,luctus,ultrices
e,947,eros,consequat,volutpat,aliquet
e,948,libero,ut,dis,sit
e,949,tellus,quis,sapien,vestibulum
e,950,nec,dolor,duis,mattis
e,951,non,magna,posuere,sapien
e,952,ac,consequat,id,lectus
e,953,orci,pede,congue,eros
e,954,ut,id,et,augue
e,955,tincidunt,luctus,tincidunt,odio
e,956,quam,libero,convallis,ipsum
e,957,porta,sit,primis,urna
e,958,feugiat,at,vivamus,porttitor
e,959,viverra,in,tempor,bibendum
e,960,vitae,etiam,suspendisse,tempus
e,961,orci,amet,non,a
e,962,duis,augue,venenatis,malesuada
e,963,scelerisque,vestibulum,turpis,auctor
e,964,mattis,lacinia,accumsan,feugiat
e,965,molestie,vel,nisi,ut
e,966,et,odio,tincidunt,dui
e,967,ut,non,fusce,enim
e,968,luctus,volutpat,ac,potenti
e,969,vitae,fermentum,erat,aliquet
e,970,in,eu,arcu,sit
e,971,laoreet,habitasse,eget,leo
e,972,tristique,tincidunt,auctor,luctus
e,973,commodo,vulputate,mauris,luctus
e,974,platea,mus,proin,nulla
e,975,mi,cras,mauris,luctus
e,976,enim,nulla,justo,pharetra
e,977,condimentum,dictumst,vel,condimentum
e,978,ultrices,ut,neque,leo
e,979,turpis,consequat,nisl,a
e,980,dis,vestibulum,aliquam,libero
e,981,ac,ultrices,parturient,suspendisse
e,982,in,volutpat,interdum,quis
e,983,arcu,ipsum,neque,odio
e,984,morbi,massa,ut,nec
e,985,lacinia,curae,amet,feugiat
e,986,orci,nulla,in,mauris
e,987,cras,nulla,eu,sed
e,988,dictumst,amet,ac,vel
e,989,interdum,quisque,tortor,in
e,990,ut,cubilia,nunc,quam
e,991,in,sed,tellus,nulla
e,992,vel,sapien,vel,in
e,993,dui,integer,erat,in
e,994,nibh,urna,libero,ultrices
e,995,lacus,eu,quisque,rutrum
e,996,nulla,molestie,ac,morbi
e,997,odio,vitae,quisque,nec
e,998,quisque,phasellus,nec,non
e,999,nunc,rutrum,vestibulum,id
e,1000,accumsan,parturient,dolor,in
